{
  "d_q": 384,
  "d_v": 768,
  "n_train_pairs": 31919,
  "n_val_pairs": 3995,
  "epochs_run": 50,
  "epochs_max": 50,
  "batch_size": 64,
  "lr": 0.001,
  "tau": 0.07,
  "patience": 10,
  "final_train_loss": 2.3846817499172235,
  "final_val_loss": 2.4960215016016885,
  "best_val_loss": 2.4959066935947964,
  "train_loss_curve": [
    2.924552650872118,
    2.7322691953731684,
    2.6766467338095685,
    2.64885728583785,
    2.6270338447394974,
    2.611323496621692,
    2.5918742468457423,
    2.584009590512048,
    2.5697260954098136,
    2.5647377112585463,
    2.552900211127822,
    2.541782931956595,
    2.5395295777636204,
    2.5340405413526335,
    2.523676532542777,
    2.5178749902931625,
    2.509644018624254,
    2.504944655125987,
    2.4977614693268984,
    2.492575252701142,
    2.4882525805242075,
    2.4821115586466207,
    2.47725594879869,
    2.4695052149778376,
    2.468994386688263,
    2.4609776064006983,
    2.4577481053874104,
    2.4522160351395845,
    2.4461520950875446,
    2.442052399706028,
    2.4372149703497876,
    2.4329901792721182,
    2.4265650670848533,
    2.424659874730693,
    2.417709493445968,
    2.4186283223375766,
    2.4111309123182583,
    2.409716766200706,
    2.408465179986132,
    2.4023500523251857,
    2.400446836599606,
    2.3954111963570237,
    2.3946630218941607,
    2.39156873144941,
    2.3910365066451873,
    2.392754614472628,
    2.3888108546365956,
    2.3867724486486708,
    2.38484229640158,
    2.3846817499172235
  ],
  "val_loss_curve": [
    2.746551297959827,
    2.6757923724159363,
    2.652074276454865,
    2.658660949222625,
    2.6245503312065486,
    2.6144761887807695,
    2.618982714319986,
    2.610394729508294,
    2.5987840379987444,
    2.585291480261182,
    2.5761480861239963,
    2.5685267334892634,
    2.5930571310103887,
    2.560772216509259,
    2.573927188676501,
    2.5699809354449075,
    2.5662086483031983,
    2.5431415258892,
    2.5653577872685025,
    2.537119258017767,
    2.5804097595668973,
    2.553585239819118,
    2.5356125093641735,
    2.5484838788471524,
    2.528260153437418,
    2.525717909373934,
    2.530697430883135,
    2.5313450911688427,
    2.5339512181660484,
    2.52373562918769,
    2.5182037977945235,
    2.513659340994699,
    2.515700550306411,
    2.51229621115185,
    2.5142613403380865,
    2.510862498056321,
    2.5055789701522344,
    2.5016713728980413,
    2.5051278670628867,
    2.504881605269417,
    2.501889698089115,
    2.4999942420020935,
    2.4990062373025075,
    2.4978061157559592,
    2.498068298612322,
    2.49710041946835,
    2.4967376315404497,
    2.4959066935947964,
    2.496014848588005,
    2.4960215016016885
  ],
  "text_encoder": "semantic",
  "text_encoder_model": "sentence-transformers/all-MiniLM-L6-v2",
  "train_manifest": "/data/ProveTok_ACM/outputs/stage0_5_5k/train_manifest_wproj.txt",
  "val_manifest": "/data/ProveTok_ACM/outputs/stage0_5_5k/valid_manifest_wproj.txt"
}